{"cameraMode":{"drawMode":0,"name":"Shaded","section":"Shading Mode"},"sceneLighting":false,"audioPlay":false,"sceneViewState":{"m_AlwaysRefresh":false,"showFog":true,"showSkybox":false,"showFlares":true,"showImageEffects":true,"showParticleSystems":true,"showVisualEffectGraphs":true,"m_FxEnabled":true},"in2DMode":false,"pivot":{"x":3.3432791233062746,"y":0.004908204078674316,"z":4.813798427581787},"rotation":{"x":-0.08590055257081986,"y":0.8983187675476074,"z":-0.20306120812892915,"w":-0.38001391291618349},"size":0.18186534941196443,"orthographic":false}