{"cameraMode":{"drawMode":0,"name":"Shaded","section":"Shading Mode"},"sceneLighting":true,"audioPlay":false,"sceneViewState":{"m_AlwaysRefresh":false,"showFog":true,"showSkybox":true,"showFlares":true,"showImageEffects":true,"showParticleSystems":true,"showVisualEffectGraphs":true,"m_FxEnabled":true},"in2DMode":false,"pivot":{"x":7.742127895355225,"y":9.775910377502442,"z":-9.357914924621582},"rotation":{"x":-0.13973431289196015,"y":0.12383504956960678,"z":-0.01765839383006096,"w":-0.9823039770126343},"size":0.17320574820041657,"orthographic":false}