{"cameraMode":{"drawMode":0,"name":"Shaded","section":"Shading Mode"},"sceneLighting":true,"audioPlay":false,"sceneViewState":{"m_AlwaysRefresh":false,"showFog":true,"showSkybox":true,"showFlares":true,"showImageEffects":true,"showParticleSystems":true,"showVisualEffectGraphs":true,"m_FxEnabled":true},"in2DMode":false,"pivot":{"x":17.32419776916504,"y":24.35039520263672,"z":40.57540512084961},"rotation":{"x":0.03268737345933914,"y":-0.9669938087463379,"z":0.19131700694561006,"w":0.16554589569568635},"size":0.20753857493400575,"orthographic":false}