{"cameraMode":{"drawMode":0,"name":"Shaded","section":"Shading Mode"},"sceneLighting":true,"audioPlay":false,"sceneViewState":{"m_AlwaysRefresh":false,"showFog":true,"showSkybox":true,"showFlares":true,"showImageEffects":true,"showParticleSystems":true,"showVisualEffectGraphs":true,"m_FxEnabled":true},"in2DMode":false,"pivot":{"x":-10.628698348999024,"y":17.163883209228517,"z":10.191755294799805},"rotation":{"x":0.14104963839054109,"y":0.6945070028305054,"z":-0.14172928035259248,"w":0.6911601424217224},"size":0.512589156627655,"orthographic":false}