{"cameraMode":{"drawMode":0,"name":"Shaded","section":"Shading Mode"},"sceneLighting":true,"audioPlay":false,"sceneViewState":{"m_AlwaysRefresh":false,"showFog":true,"showSkybox":true,"showFlares":true,"showImageEffects":true,"showParticleSystems":true,"showVisualEffectGraphs":true,"m_FxEnabled":true},"in2DMode":false,"pivot":{"x":50.70078659057617,"y":14.943190574645996,"z":-1.823395013809204},"rotation":{"x":0.042786240577697757,"y":-0.32908928394317629,"z":0.01486638281494379,"w":0.9432442784309387},"size":0.512589156627655,"orthographic":false}